"","PC1","PC2","PC3","PC4","PC5","PC6","PC7","PC8"
"scale.traits_log.log.traits.No_of_Note_Types...center...TRUE..",0.264285248091574,-0.736706562259483,-0.154754780948975,0.388609896438321,0.456499616613188,-0.0584202250304743,-0.0252370119851594,-0.00288539322878437
"scale.traits_log.log.traits.Song.Duration...center...TRUE..scale...TRUE.",0.220790640028178,-0.777095386871819,-0.43061921827262,-0.363012344611255,-0.0910022960180858,0.0466424837708714,-0.140370367122408,0.00161256120686901
"scale.traits_log.log.traits.Song.Bandwidth...center...TRUE..scale...TRUE.",0.783578825274849,-0.189170808552742,-0.173506413711888,0.413728653784371,-0.364078886000251,0.124091608691925,0.0303636597870394,0.00828497413410624
"scale.traits_log.log.traits.Note.Count...center...TRUE..scale...TRUE.",0.364643898908889,-0.864260902335084,0.138076128322905,-0.225853901242007,-0.10429058191782,-0.0767320066889045,0.182330378052309,-0.0020554018173397
"scale.traits_log.log.traits.Note_Peak_Freq_Average...center...TRUE..",0.900737453830377,0.400915388685822,-0.0506608954610624,-0.0771803643401185,0.031375747697888,-0.108279296850929,-0.0239982885859139,0.0782993862574265
"scale.traits_log.log.traits.Note_Min_Freq_Average...center...TRUE..",0.8234146469447,0.331902236373199,0.0107768624396101,-0.229441398643192,0.355712380711238,0.168914527717791,0.0617358479486843,-0.0139641728967074
"scale.traits_log.log.traits.Note.Max.Freq.Average...center...TRUE..",0.901566386013412,0.384725192043971,-0.0771234255797532,-0.00906884997992019,-0.0948319458766425,-0.130930983282494,-0.0431156757217024,-0.071689117509714
"scale.traits_log.log.as.numeric.traits.Rate_Pace....center...TRUE..",0.396797669462673,-0.382094483928166,0.826299359746225,0.00562987946978141,-0.0325179071855167,0.0311825831077317,-0.108272177708464,0.000674654034969766
