"","PC1","PC2","PC3","PC4"
"scale.traits_log.log.traits.No_of_Note_Types...center...TRUE..",0.712492507160235,-0.145016493651143,0.629621897812413,0.273680305474738
"scale.traits_log.log.traits.Song.Bandwidth...center...TRUE..scale...TRUE.",0.579833721629129,-0.722539002340689,-0.376376293611554,-0.00843391756335701
"scale.traits_log.log.traits.Note.Count...center...TRUE..scale...TRUE.",0.837217443614033,0.228033030079577,0.0870754384878352,-0.489372820366293
"scale.traits_log.log.as.numeric.traits.Rate_Pace....center...TRUE..",0.707961565882339,0.468051416004094,-0.428365476467611,0.310195602452177
