"","PC1","PC2","PC3","PC4","PC5","PC6","PC7","PC8"
"scale.traits_log.log.traits.No_of_Note_Types...center...TRUE..",0.148782852858176,-0.704448408351337,0.039296844482305,0.657219315932795,0.216904372972324,0.0107071958854341,0.0311639225290806,0.00113592234245763
"scale.traits_log.log.traits.Song.Duration...center...TRUE..scale...TRUE.",0.0167391976518323,-0.811314344004453,0.486683227479256,-0.276338418024674,0.072538556735561,0.14493125425136,-0.0446436663507693,0.00231984292629354
"scale.traits_log.log.traits.Song.Bandwidth...center...TRUE..scale...TRUE.",0.766797385115842,-0.24842067876257,0.125662593412233,0.161810650260996,-0.545889728321602,-0.0406393065020583,-0.0929016971480814,-0.00756892123646231
"scale.traits_log.log.traits.Note.Count...center...TRUE..scale...TRUE.",0.171759387084338,-0.920814708828077,-0.06074024558822,-0.294009381201291,0.0242409001734951,-0.163654924217855,0.0713933234100385,-0.000727458788668264
"scale.traits_log.log.traits.Note_Peak_Freq_Average...center...TRUE..",0.955886176563678,0.228353185681881,0.0667898518974583,-0.0553950077380502,0.116151149978116,0.0300873265809175,0.058612391042019,-0.0936760353502293
"scale.traits_log.log.traits.Note_Min_Freq_Average...center...TRUE..",0.872502625290046,0.20033249174386,0.0230139851312941,-0.0610923111528795,0.416387259456387,-0.0660313506818786,-0.125090743700879,0.0309509991750935
"scale.traits_log.log.traits.Note.Max.Freq.Average...center...TRUE..",0.95647431102673,0.215535899429853,0.0753715321063384,-0.0333943532826784,-0.091599284881105,0.0571418017811581,0.123133143988305,0.0713283398777043
"scale.traits_log.log.as.numeric.traits.Rate_Pace....center...TRUE..",0.305826073711753,-0.432230437094531,-0.83685675912452,-0.0933178403127966,-0.0188884069502605,0.0962969075231232,-0.0313037871771587,0.000117757460115121
