"","PC1","PC2","PC3","PC4"
"scale.traits_log.log.traits.No_of_Note_Types...center...TRUE..",-0.747007697874119,-0.338889655088473,0.50964859909529,0.2595989338018
"scale.traits_log.log.traits.Song.Bandwidth...center...TRUE..scale...TRUE.",-0.633228880465149,-0.52568906659343,-0.567997317169007,-0.00715806522684174
"scale.traits_log.log.traits.Note.Count...center...TRUE..scale...TRUE.",-0.874846476914913,0.173555706515369,0.175943822853924,-0.416612325507853
"scale.traits_log.log.as.numeric.traits.Rate_Pace....center...TRUE..",-0.696921410479629,0.623025889677363,-0.251051198032633,0.251222181292168
